{
	"info": {
		"_postman_id": "e9b0cd47-c8c3-4c52-983d-88637e7fe86e",
		"name": "Expense Tracker",
		"schema": "https://schema.getpostman.com/json/collection/v2.1.0/collection.json",
		"_exporter_id": "6166801"
	},
	"item": [
		{
			"name": "register",
			"request": {
				"method": "POST",
				"header": [],
				"body": {
					"mode": "raw",
					"raw": "{\r\n    \"username\": \"testuser\",\r\n    \"password\": \"testpassword\"\r\n}",
					"options": {
						"raw": {
							"language": "json"
						}
					}
				},
				"url": {
					"raw": "http://localhost:5000/api/auth/register",
					"protocol": "http",
					"host": [
						"localhost"
					],
					"port": "5000",
					"path": [
						"api",
						"auth",
						"register"
					]
				}
			},
			"response": []
		},
		{
			"name": "login",
			"request": {
				"method": "POST",
				"header": [],
				"body": {
					"mode": "raw",
					"raw": "{\r\n    \"username\": \"testuser\",\r\n    \"password\": \"testpassword\"\r\n}",
					"options": {
						"raw": {
							"language": "json"
						}
					}
				},
				"url": {
					"raw": "http://localhost:5000/api/auth/login",
					"protocol": "http",
					"host": [
						"localhost"
					],
					"port": "5000",
					"path": [
						"api",
						"auth",
						"login"
					]
				}
			},
			"response": []
		},
		{
			"name": "addFriend",
			"request": {
				"method": "POST",
				"header": [
					{
						"key": "Authorization",
						"value": "Bearer eyJhbGciOiJIUzI1NiIsInR5cCI6IkpXVCJ9.eyJpZCI6MSwiaWF0IjoxNzE4MzgwNjYyLCJleHAiOjE3MTgzODQyNjJ9.ekhoylgZVS0BRuu-aZ7aZxDGU1wFmSNPlH_UwhLSg4I ",
						"type": "text"
					}
				],
				"body": {
					"mode": "raw",
					"raw": "{ \"name\": \"Musaib\", \"email\": \"musaib@marqetrix.com\", \"amount\": 24000 }",
					"options": {
						"raw": {
							"language": "json"
						}
					}
				},
				"url": {
					"raw": "http://localhost:5000/api/friends/add",
					"protocol": "http",
					"host": [
						"localhost"
					],
					"port": "5000",
					"path": [
						"api",
						"friends",
						"add"
					]
				}
			},
			"response": []
		},
		{
			"name": "getFriendList",
			"request": {
				"method": "GET",
				"header": [
					{
						"key": "Authorization",
						"value": "Bearer eyJhbGciOiJIUzI1NiIsInR5cCI6IkpXVCJ9.eyJpZCI6MSwiaWF0IjoxNzE4MzgwNjYyLCJleHAiOjE3MTgzODQyNjJ9.ekhoylgZVS0BRuu-aZ7aZxDGU1wFmSNPlH_UwhLSg4I ",
						"type": "text"
					}
				],
				"url": {
					"raw": "http://localhost:5000/api/friends",
					"protocol": "http",
					"host": [
						"localhost"
					],
					"port": "5000",
					"path": [
						"api",
						"friends"
					]
				}
			},
			"response": []
		},
		{
			"name": "give_to_friend",
			"request": {
				"method": "POST",
				"header": [
					{
						"key": "Authorization",
						"value": "Bearer eyJhbGciOiJIUzI1NiIsInR5cCI6IkpXVCJ9.eyJpZCI6MSwiaWF0IjoxNzE4MzgwNjYyLCJleHAiOjE3MTgzODQyNjJ9.ekhoylgZVS0BRuu-aZ7aZxDGU1wFmSNPlH_UwhLSg4I ",
						"type": "text"
					}
				],
				"body": {
					"mode": "raw",
					"raw": "{\r\n    \"friend_id\": 5,\r\n    \"amount\": 10000,\r\n    \"description\": \"Loan\"\r\n}",
					"options": {
						"raw": {
							"language": "json"
						}
					}
				},
				"url": {
					"raw": "http://localhost:5000/api/friends/give",
					"protocol": "http",
					"host": [
						"localhost"
					],
					"port": "5000",
					"path": [
						"api",
						"friends",
						"give"
					]
				}
			},
			"response": []
		},
		{
			"name": "delete_friend",
			"request": {
				"method": "DELETE",
				"header": [
					{
						"key": "Authorization",
						"value": "Bearer eyJhbGciOiJIUzI1NiIsInR5cCI6IkpXVCJ9.eyJpZCI6MSwiaWF0IjoxNzE4MzgwNjYyLCJleHAiOjE3MTgzODQyNjJ9.ekhoylgZVS0BRuu-aZ7aZxDGU1wFmSNPlH_UwhLSg4I",
						"type": "text"
					}
				],
				"body": {
					"mode": "raw",
					"raw": "{ \"friend_id\": 1 }",
					"options": {
						"raw": {
							"language": "json"
						}
					}
				},
				"url": {
					"raw": "http://localhost:5000/api/friends/delete",
					"protocol": "http",
					"host": [
						"localhost"
					],
					"port": "5000",
					"path": [
						"api",
						"friends",
						"delete"
					]
				}
			},
			"response": []
		},
		{
			"name": "tansactionByFriendID",
			"request": {
				"method": "GET",
				"header": [
					{
						"key": "Authorization",
						"value": "Bearer eyJhbGciOiJIUzI1NiIsInR5cCI6IkpXVCJ9.eyJpZCI6MSwiaWF0IjoxNzE4MzgwNjYyLCJleHAiOjE3MTgzODQyNjJ9.ekhoylgZVS0BRuu-aZ7aZxDGU1wFmSNPlH_UwhLSg4I",
						"type": "text"
					}
				],
				"url": {
					"raw": "http://localhost:5000/api/friends/5/transactions",
					"protocol": "http",
					"host": [
						"localhost"
					],
					"port": "5000",
					"path": [
						"api",
						"friends",
						"5",
						"transactions"
					]
				}
			},
			"response": []
		},
		{
			"name": "recieved_from_friend",
			"request": {
				"method": "POST",
				"header": [
					{
						"key": "Authorization",
						"value": "Bearer eyJhbGciOiJIUzI1NiIsInR5cCI6IkpXVCJ9.eyJpZCI6MSwiaWF0IjoxNzE4MzgwNjYyLCJleHAiOjE3MTgzODQyNjJ9.ekhoylgZVS0BRuu-aZ7aZxDGU1wFmSNPlH_UwhLSg4I",
						"type": "text"
					}
				],
				"body": {
					"mode": "raw",
					"raw": "{\r\n    \"friend_id\": 5,\r\n    \"amount\": 4500,\r\n    \"description\": \"Repayment\"\r\n}",
					"options": {
						"raw": {
							"language": "json"
						}
					}
				},
				"url": {
					"raw": "http://localhost:5000/api/friends/receive",
					"protocol": "http",
					"host": [
						"localhost"
					],
					"port": "5000",
					"path": [
						"api",
						"friends",
						"receive"
					]
				}
			},
			"response": []
		},
		{
			"name": "add_income",
			"request": {
				"method": "POST",
				"header": [
					{
						"key": "Authorization",
						"value": "Bearer eyJhbGciOiJIUzI1NiIsInR5cCI6IkpXVCJ9.eyJpZCI6MSwiaWF0IjoxNzE4Mzg0NjkxLCJleHAiOjE3MTgzODgyOTF9.UFB44uQ59VidF-urHYGBLkTA4pmL7vHC8wpSzjR86_w",
						"type": "text"
					}
				],
				"body": {
					"mode": "raw",
					"raw": "{\r\n    \"amount\": 5000,\r\n    \"source\": \"Salary\",\r\n    \"description\": \"Monthly salary\"\r\n}",
					"options": {
						"raw": {
							"language": "json"
						}
					}
				},
				"url": {
					"raw": "http://localhost:5000/api/income/add",
					"protocol": "http",
					"host": [
						"localhost"
					],
					"port": "5000",
					"path": [
						"api",
						"income",
						"add"
					]
				}
			},
			"response": []
		},
		{
			"name": "update_income",
			"request": {
				"method": "PUT",
				"header": [
					{
						"key": "Authorization",
						"value": "Bearer eyJhbGciOiJIUzI1NiIsInR5cCI6IkpXVCJ9.eyJpZCI6MSwiaWF0IjoxNzE4Mzg1ODQzLCJleHAiOjE3MTg0NzIyNDN9.9M8cA6Mhy3LxrxGVae0FEYiDnKW828EHHSOdceUZ4N4",
						"type": "text"
					}
				],
				"body": {
					"mode": "raw",
					"raw": "{ \"income_id\": 4, \"amount\": 6000, \"source\": \"Salary\", \"description\": \"Updated monthly salary\" }",
					"options": {
						"raw": {
							"language": "json"
						}
					}
				},
				"url": {
					"raw": "http://localhost:5000/api/income/update",
					"protocol": "http",
					"host": [
						"localhost"
					],
					"port": "5000",
					"path": [
						"api",
						"income",
						"update"
					]
				}
			},
			"response": []
		},
		{
			"name": "delete_income",
			"request": {
				"method": "DELETE",
				"header": [
					{
						"key": "Authorization",
						"value": "Bearer eyJhbGciOiJIUzI1NiIsInR5cCI6IkpXVCJ9.eyJpZCI6MSwiaWF0IjoxNzE4Mzg1ODQzLCJleHAiOjE3MTg0NzIyNDN9.9M8cA6Mhy3LxrxGVae0FEYiDnKW828EHHSOdceUZ4N4",
						"type": "text"
					}
				],
				"body": {
					"mode": "raw",
					"raw": "{ \"income_id\": 5}",
					"options": {
						"raw": {
							"language": "json"
						}
					}
				},
				"url": {
					"raw": "http://localhost:5000/api/income/delete",
					"protocol": "http",
					"host": [
						"localhost"
					],
					"port": "5000",
					"path": [
						"api",
						"income",
						"delete"
					]
				}
			},
			"response": []
		},
		{
			"name": "delete_expense",
			"request": {
				"method": "DELETE",
				"header": [
					{
						"key": "Authorization",
						"value": "Bearer eyJhbGciOiJIUzI1NiIsInR5cCI6IkpXVCJ9.eyJpZCI6MSwiaWF0IjoxNzE4Mzg1ODQzLCJleHAiOjE3MTg0NzIyNDN9.9M8cA6Mhy3LxrxGVae0FEYiDnKW828EHHSOdceUZ4N4",
						"type": "text"
					}
				],
				"body": {
					"mode": "raw",
					"raw": "{ \"income_id\": 5}",
					"options": {
						"raw": {
							"language": "json"
						}
					}
				},
				"url": {
					"raw": "http://localhost:5000/api/income/delete",
					"protocol": "http",
					"host": [
						"localhost"
					],
					"port": "5000",
					"path": [
						"api",
						"income",
						"delete"
					]
				}
			},
			"response": []
		},
		{
			"name": "add_expense",
			"request": {
				"method": "POST",
				"header": [
					{
						"key": "Authorization",
						"value": "Bearer eyJhbGciOiJIUzI1NiIsInR5cCI6IkpXVCJ9.eyJpZCI6MSwiaWF0IjoxNzE4Mzg1ODQzLCJleHAiOjE3MTg0NzIyNDN9.9M8cA6Mhy3LxrxGVae0FEYiDnKW828EHHSOdceUZ4N4",
						"type": "text"
					}
				],
				"body": {
					"mode": "raw",
					"raw": "{ \"amount\": 1500, \"category\": \"Groceries\", \"description\": \"Weekly groceries\" }",
					"options": {
						"raw": {
							"language": "json"
						}
					}
				},
				"url": {
					"raw": "http://localhost:5000/api/expenses/add",
					"protocol": "http",
					"host": [
						"localhost"
					],
					"port": "5000",
					"path": [
						"api",
						"expenses",
						"add"
					]
				}
			},
			"response": []
		},
		{
			"name": "transactionIncomeExpese",
			"protocolProfileBehavior": {
				"disableBodyPruning": true
			},
			"request": {
				"method": "GET",
				"header": [
					{
						"key": "Authorization",
						"value": "Bearer eyJhbGciOiJIUzI1NiIsInR5cCI6IkpXVCJ9.eyJpZCI6MSwiaWF0IjoxNzE4Mzg1ODQzLCJleHAiOjE3MTg0NzIyNDN9.9M8cA6Mhy3LxrxGVae0FEYiDnKW828EHHSOdceUZ4N4",
						"type": "text"
					}
				],
				"body": {
					"mode": "raw",
					"raw": "",
					"options": {
						"raw": {
							"language": "json"
						}
					}
				},
				"url": {
					"raw": "http://localhost:5000/api/transactions",
					"protocol": "http",
					"host": [
						"localhost"
					],
					"port": "5000",
					"path": [
						"api",
						"transactions"
					]
				}
			},
			"response": []
		},
		{
			"name": "dashboardStats",
			"protocolProfileBehavior": {
				"disableBodyPruning": true
			},
			"request": {
				"method": "GET",
				"header": [
					{
						"key": "Authorization",
						"value": "Bearer eyJhbGciOiJIUzI1NiIsInR5cCI6IkpXVCJ9.eyJpZCI6MSwiaWF0IjoxNzE4Mzg1ODQzLCJleHAiOjE3MTg0NzIyNDN9.9M8cA6Mhy3LxrxGVae0FEYiDnKW828EHHSOdceUZ4N4",
						"type": "text"
					}
				],
				"body": {
					"mode": "raw",
					"raw": "",
					"options": {
						"raw": {
							"language": "json"
						}
					}
				},
				"url": {
					"raw": "http://localhost:5000/api/transactions",
					"protocol": "http",
					"host": [
						"localhost"
					],
					"port": "5000",
					"path": [
						"api",
						"transactions"
					]
				}
			},
			"response": []
		}
	]
}